<application>
  <component name="ProjectJdkTable">
    <jdk version="2">
      <name value="Python 3.7 (venv)" />
      <type value="Python SDK" />
      <homePath value="$USER_HOME$/Documents/Project/python/hello/venv/bin/python" />
      <roots>
        <classPath>
          <root type="composite">
            <root url="file:///usr/lib/python3.7" type="simple" />
            <root url="file:///usr/lib/python3.7/lib-dynload" type="simple" />
            <root url="file://$USER_HOME$/Documents/Project/python/hello/venv/lib/python3.7/site-packages" type="simple" />
            <root url="file:///usr/lib/python3.7/site-packages" type="simple" />
            <root url="file://$USER_HOME$/.PyCharm2018.3/system/python_stubs/-371171028" type="simple" />
            <root url="file://$APPLICATION_HOME_DIR$/helpers/python-skeletons" type="simple" />
            <root url="file://$APPLICATION_HOME_DIR$/helpers/typeshed/stdlib/3" type="simple" />
            <root url="file://$APPLICATION_HOME_DIR$/helpers/typeshed/stdlib/2and3" type="simple" />
            <root url="file://$APPLICATION_HOME_DIR$/helpers/typeshed/third_party/3" type="simple" />
            <root url="file://$APPLICATION_HOME_DIR$/helpers/typeshed/third_party/2and3" type="simple" />
          </root>
        </classPath>
        <sourcePath>
          <root type="composite" />
        </sourcePath>
      </roots>
      <additional />
    </jdk>
    <jdk version="2">
      <name value="Python 3.7 (demo)" />
      <type value="Python SDK" />
      <homePath value="$USER_HOME$/Documents/Project/python/demo/venv/bin/python" />
      <roots>
        <classPath>
          <root type="composite">
            <root url="file:///usr/lib/python3.7" type="simple" />
            <root url="file:///usr/lib/python3.7/lib-dynload" type="simple" />
            <root url="file://$USER_HOME$/Documents/Project/python/demo/venv/lib/python3.7/site-packages" type="simple" />
            <root url="jar://$USER_HOME$/Documents/Project/python/demo/venv/lib/python3.7/site-packages/setuptools-39.1.0-py3.7.egg!/" type="simple" />
            <root url="file://$USER_HOME$/Documents/Project/python/demo/venv/lib/python3.7/site-packages/pip-10.0.1-py3.7.egg" type="simple" />
            <root url="file://$USER_HOME$/.PyCharm2018.3/system/python_stubs/1063411779" type="simple" />
            <root url="file://$APPLICATION_HOME_DIR$/helpers/python-skeletons" type="simple" />
            <root url="file://$APPLICATION_HOME_DIR$/helpers/typeshed/stdlib/3" type="simple" />
            <root url="file://$APPLICATION_HOME_DIR$/helpers/typeshed/stdlib/2and3" type="simple" />
            <root url="file://$APPLICATION_HOME_DIR$/helpers/typeshed/third_party/3" type="simple" />
            <root url="file://$APPLICATION_HOME_DIR$/helpers/typeshed/third_party/2and3" type="simple" />
          </root>
        </classPath>
        <sourcePath>
          <root type="composite" />
        </sourcePath>
      </roots>
      <additional ASSOCIATED_PROJECT_PATH="$USER_HOME$/Documents/Project/python/demo" />
    </jdk>
    <jdk version="2">
      <name value="Python 3.7 (FlaskWorldCloud)" />
      <type value="Python SDK" />
      <version value="Python 3.7.1" />
      <homePath value="$USER_HOME$/Documents/Project/python/FlaskWorldCloud/venv/bin/python" />
      <roots>
        <classPath>
          <root type="composite">
            <root url="file:///usr/lib/python3.7" type="simple" />
            <root url="file:///usr/lib/python3.7/lib-dynload" type="simple" />
            <root url="file://$USER_HOME$/Documents/Project/python/FlaskWorldCloud/venv/lib/python3.7/site-packages" type="simple" />
            <root url="jar://$USER_HOME$/Documents/Project/python/FlaskWorldCloud/venv/lib/python3.7/site-packages/setuptools-39.1.0-py3.7.egg!/" type="simple" />
            <root url="file://$USER_HOME$/Documents/Project/python/FlaskWorldCloud/venv/lib/python3.7/site-packages/pip-10.0.1-py3.7.egg" type="simple" />
            <root url="file://$USER_HOME$/.PyCharm2018.3/system/python_stubs/-514631152" type="simple" />
            <root url="file://$APPLICATION_HOME_DIR$/helpers/python-skeletons" type="simple" />
            <root url="file://$APPLICATION_HOME_DIR$/helpers/typeshed/stdlib/3" type="simple" />
            <root url="file://$APPLICATION_HOME_DIR$/helpers/typeshed/stdlib/2and3" type="simple" />
            <root url="file://$APPLICATION_HOME_DIR$/helpers/typeshed/third_party/3" type="simple" />
            <root url="file://$APPLICATION_HOME_DIR$/helpers/typeshed/third_party/2and3" type="simple" />
          </root>
        </classPath>
        <sourcePath>
          <root type="composite" />
        </sourcePath>
      </roots>
      <additional ASSOCIATED_PROJECT_PATH="$USER_HOME$/Documents/Project/python/FlaskWorldCloud" />
    </jdk>
    <jdk version="2">
      <name value="Python 3.7 (FlaskDemo)" />
      <type value="Python SDK" />
      <version value="Python 3.7.1" />
      <homePath value="$USER_HOME$/Documents/Project/python/FlaskDemo/venv/bin/python" />
      <roots>
        <classPath>
          <root type="composite">
            <root url="file:///usr/lib/python3.7" type="simple" />
            <root url="file:///usr/lib/python3.7/lib-dynload" type="simple" />
            <root url="file://$USER_HOME$/Documents/Project/python/FlaskDemo/venv/lib/python3.7/site-packages" type="simple" />
            <root url="jar://$USER_HOME$/Documents/Project/python/FlaskDemo/venv/lib/python3.7/site-packages/setuptools-39.1.0-py3.7.egg!/" type="simple" />
            <root url="file://$USER_HOME$/Documents/Project/python/FlaskDemo/venv/lib/python3.7/site-packages/pip-10.0.1-py3.7.egg" type="simple" />
            <root url="file://$USER_HOME$/.PyCharm2018.3/system/python_stubs/-722292176" type="simple" />
            <root url="file://$APPLICATION_HOME_DIR$/helpers/python-skeletons" type="simple" />
            <root url="file://$APPLICATION_HOME_DIR$/helpers/typeshed/stdlib/3" type="simple" />
            <root url="file://$APPLICATION_HOME_DIR$/helpers/typeshed/stdlib/2and3" type="simple" />
            <root url="file://$APPLICATION_HOME_DIR$/helpers/typeshed/third_party/3" type="simple" />
            <root url="file://$APPLICATION_HOME_DIR$/helpers/typeshed/third_party/2and3" type="simple" />
          </root>
        </classPath>
        <sourcePath>
          <root type="composite" />
        </sourcePath>
      </roots>
      <additional ASSOCIATED_PROJECT_PATH="$USER_HOME$/Documents/Project/python/FlaskDemo" />
    </jdk>
    <jdk version="2">
      <name value="Python 3.7 (FWCdemo)" />
      <type value="Python SDK" />
      <version value="Python 3.7.1" />
      <homePath value="$USER_HOME$/Documents/Project/python/FWCdemo/venv/bin/python" />
      <roots>
        <classPath>
          <root type="composite">
            <root url="file:///usr/lib/python3.7" type="simple" />
            <root url="file:///usr/lib/python3.7/lib-dynload" type="simple" />
            <root url="file://$USER_HOME$/Documents/Project/python/FWCdemo/venv/lib/python3.7/site-packages" type="simple" />
            <root url="jar://$USER_HOME$/Documents/Project/python/FWCdemo/venv/lib/python3.7/site-packages/setuptools-39.1.0-py3.7.egg!/" type="simple" />
            <root url="file://$USER_HOME$/Documents/Project/python/FWCdemo/venv/lib/python3.7/site-packages/pip-10.0.1-py3.7.egg" type="simple" />
            <root url="file://$USER_HOME$/.PyCharm2018.3/system/python_stubs/-1469447793" type="simple" />
            <root url="file://$APPLICATION_HOME_DIR$/helpers/python-skeletons" type="simple" />
            <root url="file://$APPLICATION_HOME_DIR$/helpers/typeshed/stdlib/3" type="simple" />
            <root url="file://$APPLICATION_HOME_DIR$/helpers/typeshed/stdlib/2and3" type="simple" />
            <root url="file://$APPLICATION_HOME_DIR$/helpers/typeshed/third_party/3" type="simple" />
            <root url="file://$APPLICATION_HOME_DIR$/helpers/typeshed/third_party/2and3" type="simple" />
          </root>
        </classPath>
        <sourcePath>
          <root type="composite" />
        </sourcePath>
      </roots>
      <additional ASSOCIATED_PROJECT_PATH="$USER_HOME$/Documents/Project/python/FWCdemo" />
    </jdk>
    <jdk version="2">
      <name value="Python 3.7 (myWordCloud)" />
      <type value="Python SDK" />
      <version value="Python 3.7.1" />
      <homePath value="$USER_HOME$/Documents/Project/python/myWordCloud/venv/bin/python" />
      <roots>
        <classPath>
          <root type="composite">
            <root url="file:///usr/lib/python3.7" type="simple" />
            <root url="file:///usr/lib/python3.7/lib-dynload" type="simple" />
            <root url="file://$USER_HOME$/Documents/Project/python/myWordCloud/venv/lib/python3.7/site-packages" type="simple" />
            <root url="file://$USER_HOME$/.PyCharm2018.3/system/python_stubs/1126476185" type="simple" />
            <root url="file://$APPLICATION_HOME_DIR$/helpers/python-skeletons" type="simple" />
            <root url="file://$APPLICATION_HOME_DIR$/helpers/typeshed/stdlib/3" type="simple" />
            <root url="file://$APPLICATION_HOME_DIR$/helpers/typeshed/stdlib/2and3" type="simple" />
            <root url="file://$APPLICATION_HOME_DIR$/helpers/typeshed/third_party/3" type="simple" />
            <root url="file://$APPLICATION_HOME_DIR$/helpers/typeshed/third_party/2and3" type="simple" />
          </root>
        </classPath>
        <sourcePath>
          <root type="composite" />
        </sourcePath>
      </roots>
      <additional ASSOCIATED_PROJECT_PATH="$USER_HOME$/Documents/Project/python/myWordCloud" />
    </jdk>
  </component>
</application>