<application>
  <component name="AppStorage">
    <histories>
      <item value="cursive" />
      <item value="先序遍历" />
      <item value="root" />
    </histories>
    <option name="languageScores">
      <map>
        <entry key="CHINESE" value="3" />
        <entry key="ENGLISH" value="4" />
        <entry key="CHINESE_TRADITIONAL" value="2" />
      </map>
    </option>
  </component>
  <component name="Settings">
    <option name="ignoreRegExp" value="" />
  </component>
</application>